"","Category","Freq","Fraction"
"1","High income","1593","0.673572938689218"
"2","Low income","15","0.00634249471458774"
"3","Lower middle income","164","0.0693446088794926"
"4","Upper middle income","593","0.250739957716702"
"5","USA","868","0.367019027484144"
"6","English Countries","1136","0.480338266384778"
