"","Category","Freq","Fraction"
"1","High income","1774","0.864943929790346"
"2","Low income","27","0.0131643100926377"
"3","Lower middle income","72","0.0351048269137006"
"4","Upper middle income","178","0.0867869332033155"
"5","USA","1073","0.523159434422233"
"6","English Countries","1517","0.739639200390054"
