"","Category","Freq","Fraction"
"1","High income","9149","0.895205479452055"
"2","Low income","96","0.00939334637964775"
"3","Lower middle income","385","0.0376712328767123"
"4","Upper middle income","590","0.0577299412915851"
"5","USA","5851","0.572504892367906"
"6","English Countries","8172","0.799608610567515"
