"","Category","Freq","Fraction"
"1","High income","1818","0.858356940509915"
"2","Low income","22","0.0103871576959396"
"3","Lower middle income","85","0.0401322001888574"
"4","Upper middle income","193","0.091123701605288"
"5","USA","1026","0.484419263456091"
"6","English Countries","1462","0.690273843248348"
